"","CH_NORM_REAL","LST_NORM","NDMI_NORM","NDVI_NORM","JARAK_JALAN_NORM","LULC1.TA","TWI_LOG","SLOPE_LOG","TVI_LOG","Hotspot"
"1",0.520992398262024,0.391585350036621,0.770671963691711,0.927943289279938,0.130594372749329,"2",-0.903014838695526,-0.652855038642883,-2.48374605178833,"2"
"3",0.392428457736969,0.346472293138504,0.767245650291443,0.802891552448273,0.369486331939697,"2",-0.858629167079926,-0.307398319244385,-1.83921051025391,"2"
"6",0.571463942527771,0.259053945541382,0.705396354198456,0.872562289237976,0.23967432975769,"2",-1.05337011814117,-0.314430415630341,-2.07697343826294,"2"
"7",0.543638229370117,0.298678249120712,0.747757613658905,0.893542945384979,0.066450260579586,"2",-0.625787019729614,-0.492853999137878,-2.23612451553345,"2"
"9",0.511748790740967,0.333292335271835,0.696106314659119,0.867110729217529,0.133660390973091,"2",-0.534157276153564,-0.852646052837372,-2.16596555709839,"2"
"10",0.808473587036133,0.172522649168968,0.727010250091553,0.871736884117126,0.187193810939789,"2",-0.661831557750702,-0.433383882045746,-2.31455516815186,"2"
"12",0.756281495094299,0.295900374650955,0.784534335136414,0.919452667236328,0.0763773620128632,"2",-0.927604615688324,-0.595685958862305,-2.38242292404175,"2"
"13",0.782745063304901,0.230870500206947,0.727134108543396,0.891402781009674,0.194308295845985,"2",-0.61036205291748,-0.688348412513733,-2.20189452171326,"2"
"14",0.736076474189758,0.341714292764664,0.797145128250122,0.932305157184601,0.0190943405032158,"2",-0.758840560913086,-0.355044066905975,-2.80281567573547,"2"
"15",0.739110052585602,0.343550175428391,0.784007966518402,0.939446687698364,0.0270034745335579,"2",-0.77230978012085,-0.3083715736866,-2.82243609428406,"2"
"17",0.703440368175507,0.307462364435196,0.769952058792114,0.939326345920563,0.257911056280136,"2",-0.547958076000214,-0.507406651973724,-2.62996459007263,"2"
"18",0.69458281993866,0.32500034570694,0.75542426109314,0.90039849281311,0.0837156102061272,"2",-0.786833047866821,-0.349174112081528,-2.23042368888855,"2"
"19",0.63251006603241,0.356705278158188,0.775880217552185,0.929419338703156,0.149131566286087,"2",-0.819566369056702,-0.347752630710602,-2.33540511131287,"2"
"22",0.645244479179382,0.219152793288231,0.742818653583527,0.905532240867615,0.279181063175201,"2",-0.5036700963974,-0.568311274051666,-2.28447532653809,"2"
"23",0.643098115921021,0.162896931171417,0.665448546409607,0.856591999530792,0.301840931177139,"2",-0.869962811470032,-0.698437094688416,-2.02497982978821,"2"
"25",0.630176723003387,0.330221056938171,0.730234444141388,0.89928662776947,0.461830496788025,"2",-0.679211914539337,-0.244234383106232,-2.25925588607788,"2"
"27",0.572390258312225,0.411301851272583,0.671006143093109,0.886059880256653,0.704452097415924,"2",-0.447656452655792,-0.540909945964813,-2.26107788085938,"2"
"28",0.540846168994904,0.401753067970276,0.737424433231354,0.93153840303421,0.644070506095886,"2",-0.894827306270599,-0.332798689603806,-2.53241348266602,"2"
"29",0.49571293592453,0.37501984834671,0.670167624950409,0.811342597007751,0.497146010398865,"2",-0.68074369430542,-0.378824055194855,-1.86691868305206,"2"
"30",0.463770151138306,0.388708829879761,0.6847283244133,0.842592060565948,0.373575210571289,"2",-1.07245886325836,-0.578793525695801,-2.02503180503845,"2"
"33",0.327303528785706,0.435322761535645,0.75543224811554,0.892694473266602,0.0829865783452988,"2",-0.969926595687866,-0.365529268980026,-2.69295740127563,"2"
"35",0.333585858345032,0.43818598985672,0.845902800559998,0.888473927974701,0.100636012852192,"2",-1.15339934825897,-0.513881385326385,-2.12547612190247,"2"
"36",0.457600682973862,0.395382642745972,0.737019002437592,0.921617209911346,0.427626103162766,"2",-0.753114879131317,-0.259770691394806,-2.46310663223267,"2"
"38",0.519225776195526,0.223383024334908,0.660057246685028,0.773959219455719,0.584174454212189,"2",-1.03987264633179,-0.413336336612701,-1.74249541759491,"2"
"39",0.585946798324585,0.215562075376511,0.655968606472015,0.813213646411896,0.490748912096024,"2",-0.980919420719147,-0.395595461130142,-1.79574382305145,"2"
"40",0.780804753303528,0.370137631893158,0.716064155101776,0.880150556564331,0.457290768623352,"2",-0.793567955493927,-0.127523303031921,-2.11371517181396,"2"
"41",0.855209171772003,0.389764964580536,0.727020442485809,0.914946734905243,0.529655277729034,"2",-0.615778207778931,-0.37899586558342,-2.23384380340576,"2"
"42",0.885471045970917,0.357930898666382,0.745254099369049,0.892040431499481,0.54973429441452,"2",-0.80646425485611,-0.444576442241669,-2.15906524658203,"2"
"43",0.922397792339325,0.321933060884476,0.691473722457886,0.856194972991943,0.442798465490341,"2",-0.810585558414459,-0.400257855653763,-1.98833858966827,"2"
"44",0.957538247108459,0.310390323400497,0.704577445983887,0.926868677139282,0.397887885570526,"2",-0.719254851341248,-0.304305255413055,-2.33359861373901,"2"
"45",0.876950085163116,0.363881856203079,0.717771053314209,0.904857993125916,0.437460035085678,"2",-0.850642085075378,-0.443523168563843,-2.33160543441772,"2"
"46",0.9008828997612,0.324232488870621,0.743677854537964,0.900213658809662,0.439584732055664,"2",-0.709999263286591,-0.807864606380463,-2.12367820739746,"2"
"47",0.929286241531372,0.270066797733307,0.707974016666412,0.913343131542206,0.352369785308838,"2",-0.71530818939209,-0.291601926088333,-2.3069953918457,"2"
"48",0.675221264362335,0.347689598798752,0.658495426177979,0.882807910442352,0.722451627254486,"2",-0.586878597736359,-0.425062268972397,-2.13124465942383,"2"
"49",0.776977717876434,0.223692163825035,0.66824746131897,0.822083115577698,0.764754235744476,"2",-0.577223122119904,-0.455765724182129,-1.89028131961823,"2"
"51",0.795056164264679,0.346153795719147,0.779451012611389,0.931783556938171,0.886419832706451,"2",-0.846023440361023,-0.306090861558914,-2.61730313301086,"2"
"52",0.836302936077118,0.264483541250229,0.76274448633194,0.927206635475159,0.63917738199234,"2",-0.947279691696167,-0.384853512048721,-2.46217894554138,"2"
"54",0.663305103778839,0.246306836605072,0.697746336460114,0.822313249111176,0.414151102304459,"2",-0.743369698524475,-0.315374314785004,-1.9386066198349,"2"
"55",0.6067795753479,0.290672689676285,0.775928378105164,0.633434891700745,0.277872055768967,"2",-0.6523157954216,-0.430966794490814,-1.41591310501099,"2"
"56",0.590496242046356,0.366493314504623,0.821616947650909,0.728671252727509,0.466195702552795,"2",-0.798009037971497,-0.326660662889481,-1.62215900421143,"2"
"57",0.838133990764618,0.272551476955414,0.70719039440155,0.873349905014038,0.799964487552643,"2",-0.930315911769867,-0.425678700208664,-2.49769806861877,"2"
"60",0.928692221641541,0.148034125566483,0.700142502784729,0.847321391105652,0.65763920545578,"2",-1.03468918800354,-0.464806467294693,-2.1928699016571,"2"
"61",0.976243436336517,0.396748840808868,0.727561116218567,0.924044251441956,0.406748801469803,"2",-0.710167050361633,-0.409245610237122,-2.36946201324463,"2"
"62",0.979945659637451,0.399777680635452,0.784450829029083,0.950798213481903,0.324354112148285,"2",-0.673849105834961,-0.554945647716522,-2.39713597297668,"2"
"63",0.978020012378693,0.31392914056778,0.735523045063019,0.939830303192139,0.293056488037109,"2",-0.715027987957001,-0.410203486680984,-2.63513135910034,"2"
"64",0.93072521686554,0.243038296699524,0.679264187812805,0.820059239864349,0.256572484970093,"2",-0.796620965003967,-0.292830586433411,-1.72652208805084,"2"
"66",0.917365670204163,0.356396347284317,0.759808659553528,0.957778513431549,0.116146333515644,"2",-0.768575191497803,-0.410326272249222,-2.1988639831543,"2"
"70",0.93197363615036,0.328839272260666,0.721214532852173,0.888257682323456,0.148587286472321,"2",-0.792968511581421,-0.498240202665329,-2.16681003570557,"2"
"72",0.988656282424927,0.401598244905472,0.779830753803253,0.948198437690735,0.203672960400581,"2",-0.896603167057037,-0.492953985929489,-2.46235585212708,"2"
"74",0.64378696680069,0.487259924411774,0.701875746250153,0.932646632194519,0.201272025704384,"2",-0.719599008560181,-0.689323782920837,-2.36507749557495,"2"
"75",0.579049527645111,0.50621885061264,0.69050520658493,0.898633599281311,0.0766421034932137,"2",-0.434590011835098,-0.904403150081635,-2.07534694671631,"2"
"76",0.526313543319702,0.517530143260956,0.641936838626862,0.922896146774292,0.11385665088892,"2",-0.48113152384758,-0.615308284759521,-2.21579170227051,"2"
"77",0.48341828584671,0.511425673961639,0.813788056373596,0.950890421867371,0.0484727211296558,"2",-0.872515559196472,-0.594640672206879,-2.28922533988953,"2"
"78",0.53610622882843,0.457896947860718,0.649154245853424,0.884411573410034,0.171376958489418,"2",-0.898406624794006,-0.495030611753464,-2.31699562072754,"2"
"79",0.486451148986816,0.429289609193802,0.681202530860901,0.879512667655945,0.072009265422821,"2",-0.978352427482605,-0.501206338405609,-2.08533191680908,"2"
"80",0.427282333374023,0.508307039737701,0.766216397285461,0.886939585208893,0.0201272033154964,"2",-0.674984931945801,-0.563050448894501,-2.10319852828979,"2"
"81",0.381028324365616,0.507707178592682,0.657232165336609,0.920980632305145,0.066450260579586,"2",-0.325439631938934,-0.692570686340332,-2.13282346725464,"2"
"82",0.423605442047119,0.472592771053314,0.726223051548004,0.931376278400421,0.0769059360027313,"2",-0.743490695953369,-0.597833216190338,-2.27831077575684,"2"
"83",0.47449266910553,0.453983336687088,0.738635718822479,0.937799215316772,0.0445534624159336,"2",-0.330897837877274,-0.628580689430237,-2.24361824989319,"2"
"85",0.41931825876236,0.548107624053955,0.595267713069916,0.836857855319977,0.111156113445759,"2",-0.799022495746613,-0.431346625089645,-2.1114342212677,"2"
"86",0.377098947763443,0.487260639667511,0.783440053462982,0.927505135536194,0.118903905153275,"2",-0.908387362957001,-0.868912279605865,-2.28763699531555,"2"
"90",0.536537230014801,0.504886567592621,0.595842301845551,0.838870942592621,0.0766421034932137,"11",-0.55945885181427,-0.399600565433502,-2.18508362770081,"2"
"91",0.574154376983643,0.426717013120651,0.705569505691528,0.929298400878906,0.302578210830688,"2",-0.744796454906464,-0.494178473949432,-2.32448506355286,"2"
"92",0.521837294101715,0.501444935798645,0.652294993400574,0.925545573234558,0.264961451292038,"2",-0.767378807067871,-0.612342178821564,-2.25387096405029,"2"
"93",0.460357338190079,0.516633749008179,0.724366366863251,0.947089374065399,0.203075394034386,"2",-0.811290979385376,-0.646478354930878,-2.36882448196411,"2"
"94",0.444084703922272,0.518414914608002,0.802192211151123,0.97801411151886,0.120930820703506,"2",-0.798815786838531,-0.659789204597473,-2.4510657787323,"2"
"95",0.967064797878265,0.351817101240158,0.68491667509079,0.895692765712738,0.0849167630076408,"2",-0.857600808143616,-0.871646523475647,-2.14943718910217,"2"
"96",0.973140001296997,0.709942102432251,0.750598430633545,0.928606629371643,0,"5",-0.892718553543091,-0.786859095096588,-2.2178316116333,"2"
"98",0.94045627117157,0.731562793254852,0.648632705211639,0.769238948822021,0.0262426603585482,"5",-0.637442708015442,-1.07555091381073,-1.90949523448944,"2"
"99",0.943552136421204,0.565257608890533,0.634057402610779,0.784089267253876,0.0262426603585482,"7",-1.04952645301819,-0.995600819587708,-1.9353324174881,"2"
"100",0.939807236194611,0.743913888931274,0.530381500720978,0.744784533977509,0.0254591200500727,"7",-0.544763207435608,-0.97885274887085,-1.85773539543152,"2"
"101",0.681302011013031,0.446613490581512,0.760081470012665,0.937865555286407,0.25179123878479,"2",-0.36871325969696,-0.539612829685211,-2.25900363922119,"2"
"102",0.697235703468323,0.411905318498611,0.731192648410797,0.900130331516266,0.378584086894989,"2",-0.356351345777512,-0.502149045467377,-1.94587743282318,"2"
"103",0.732868790626526,0.50740772485733,0.751503229141235,0.922056078910828,0.180023163557053,"2",-0.7220738530159,-0.452212989330292,-2.26722073554993,"2"
"105",0.792389333248138,0.378357827663422,0.765062153339386,0.936788976192474,0.154992520809174,"2",-0.758001267910004,-0.336876511573792,-2.28175663948059,"2"
"108",0.832785487174988,0.353806376457214,0.710200667381287,0.882443487644196,0.120090432465076,"2",-0.640485763549805,-1.31549954414368,-2.11164164543152,"2"
"109",0.851487100124359,0.314544320106506,0.758443415164948,0.937120676040649,0.068550780415535,"2",-0.814518868923187,-0.932774007320404,-2.23661994934082,"2"
"110",0.874164700508118,0.322856664657593,0.662522614002228,0.824918329715729,0.10361111164093,"2",-0.406954765319824,-0.638966202735901,-1.67203652858734,"2"
"112",0.954032719135284,0.580320775508881,0.532601833343506,0.568717002868652,0.0262426603585482,"5",-0.340767055749893,-0.951244652271271,-1.68134582042694,"2"
"113",0.964312255382538,0.733915865421295,0.308659553527832,0.307407706975937,0.014232081361115,"5",-0.229203552007675,-0.977283418178558,-1.31371092796326,"2"
"116",0.894123673439026,0.222593605518341,0.79411381483078,0.912721335887909,0.140602588653564,"2",-0.811234831809998,-0.376813501119614,-2.11717247962952,"2"
"117",0.940352857112885,0.270224720239639,0.701146960258484,0.893629193305969,0.0318238995969296,"2",-0.474919140338898,-0.727004766464233,-2.32634973526001,"2"
"119",0.916137754917145,0.22243458032608,0.767220318317413,0.926790237426758,0.068550780415535,"2",-0.64645916223526,-0.499177068471909,-2.21105408668518,"2"
"120",0.792384684085846,0.994490385055542,0.259013026952744,0.108957163989544,0,"11",-0.715606212615967,-0.403487384319305,-0.806270003318787,"2"
"121",0.807007312774658,0.615292310714722,0.324008166790009,0.0532912239432335,0.00636478001251817,"8",-0.770773649215698,-0.618891656398773,-0.832635641098022,"2"
"122",0.790812015533447,0.311357766389847,0.257329136133194,0.0346041582524776,0.0445534624159336,"10",-0.981699585914612,-0.736303746700287,-0.655048489570618,"2"
"123",0.775800168514252,0.810609996318817,0.300190895795822,0.106843806803226,0.0458970814943314,"11",-0.909700870513916,-0.30733847618103,-0.911302089691162,"2"
"124",0.796933114528656,0.425867587327957,0.273528337478638,0.0387890189886093,0.00900115817785263,"8",-0.78324681520462,-0.506050109863281,-0.724423110485077,"2"
"125",0.765607416629791,0.402214884757996,0.658001780509949,0.86092084646225,0.0324541367590427,"2",-0.695107460021973,-0.430702716112137,-2.06298565864563,"2"
"127",0.932118952274323,0.470678299665451,0.563737213611603,0.624840378761292,0.068550780415535,"2",-0.855785429477692,-0.637606084346771,-1.73014330863953,"2"
"128",0.964696168899536,0.269608616828918,0.701231300830841,0.848425626754761,0.243697121739388,"2",-0.994818210601807,-0.438164681196213,-1.91746973991394,"2"
"129",0.889327764511108,0.255317360162735,0.784247994422913,0.960725009441376,0.167067900300026,"2",-0.666726112365723,-0.527058362960815,-2.90312600135803,"2"
"130",0.752346038818359,0.161005675792694,0.617247879505157,0.811395227909088,0.188917145133018,"2",-1.0385901927948,-0.680838108062744,-2.15119099617004,"2"
"131",0.560420215129852,0.279675662517548,0.705132126808167,0.876439452171326,0.363684684038162,"2",-0.647855818271637,-0.661527872085571,-2.11370801925659,"2"
"133",0.282106727361679,0.479347944259644,0.605171978473663,0.811195373535156,0.014232081361115,"2",-0.728156805038452,-0.448857128620148,-2.22885751724243,"2"
"135",0.555623292922974,0.396152853965759,0.64020711183548,0.82470840215683,0.385318964719772,"2",-0.768519878387451,-0.320150554180145,-1.97797346115112,"2"
"136",0.621872842311859,0.379733353853226,0.778887391090393,0.883145093917847,0.589730441570282,"2",-0.889354228973389,-0.329111158847809,-2.2084813117981,"2"
"140",0.831775963306427,0.31131237745285,0.793597519397736,0.93044102191925,0.9394251704216,"2",-0.812645375728607,-0.313686221837997,-2.27232456207275,"2"
"141",0.862214088439941,0.275027275085449,0.627519190311432,0.896970748901367,0.753789901733398,"2",-0.349824637174606,-0.595988273620605,-2.10065746307373,"2"
"142",0.881509184837341,0.263549149036407,0.797029912471771,0.95017808675766,0.586803734302521,"2",-0.647531986236572,-0.507762670516968,-2.63371014595032,"2"
"143",0.473562598228455,0.50517475605011,0.629155457019806,0.910402953624725,0.299212366342545,"2",-0.806254267692566,-0.469515025615692,-2.2800030708313,"2"
"144",0.518179476261139,0.530608296394348,0.68262255191803,0.906769216060638,0.201272025704384,"2",-0.349097460508347,-0.685485541820526,-2.30304551124573,"2"
"146",0.710632383823395,0.469305843114853,0.560515999794006,0.839418172836304,0.681299090385437,"2",-0.469490319490433,-0.748738944530487,-2.1777777671814,"2"
"147",0.906691133975983,0.3404920399189,0.760379433631897,0.906084060668945,0.605992615222931,"2",-0.942210614681244,-0.527730524539948,-2.16406393051147,"2"
"148",0.958161890506744,0.219626605510712,0.67617267370224,0.858328759670258,0.581846714019775,"2",-0.85522997379303,-0.550127148628235,-2.29794335365295,"2"
"149",0.956833302974701,0.375463753938675,0.776691675186157,0.938042402267456,0.0649082735180855,"2",-0.954281270503998,-0.667520701885223,-2.48076796531677,"2"
"152",0.312945365905762,0.602911114692688,0.843188345432281,0.897620141506195,0.02846416272223,"2",-0.448865056037903,-1.15435934066772,-1.94252014160156,"2"
"153",0.272491216659546,0.587038993835449,0.820233523845673,0.952170968055725,0.0513144992291927,"2",-0.753615021705627,-0.271988183259964,-2.38206195831299,"2"
"154",0.825243294239044,0.375471144914627,0.76991879940033,0.869636416435242,0.924450039863586,"2",-0.867946743965149,-0.861534059047699,-2.10527968406677,"2"
"155",0.880212724208832,0.183079659938812,0.756371080875397,0.802391946315765,0.84995436668396,"2",-0.892176151275635,-0.291276037693024,-1.82343935966492,"2"
"156",0.935005247592926,0.212112635374069,0.7338547706604,0.902230143547058,0.459852635860443,"2",-0.706740736961365,-0.452183157205582,-2.38345265388489,"2"
"157",0.331585735082626,0.534913837909698,0.775145828723907,0.891339004039764,0.0946192592382431,"2",-0.740873575210571,-1.10326266288757,-2.16351056098938,"2"
"158",0.351408839225769,0.539213418960571,0.661516487598419,0.89409738779068,0.195244237780571,"2",-0.993935167789459,-0.610608696937561,-2.34583425521851,"2"
"159",0.375389665365219,0.533281147480011,0.60700798034668,0.890232503414154,0.161143362522125,"2",-0.568978250026703,-0.621226012706757,-2.34582376480103,"2"
"160",0.460353404283524,0.52956610918045,0.732808291912079,0.927222847938538,0.0954717025160789,"2",-0.818830609321594,-0.492459893226624,-2.39243054389954,"2"
"161",0.622070014476776,0.436074167490005,0.703505873680115,0.906224191188812,0.561003983020782,"2",-0.731587409973145,-0.440463960170746,-2.40977478027344,"2"
"162",0.760337293148041,0.421591222286224,0.720985174179077,0.848465740680695,0.829133272171021,"2",-0.937707901000977,-0.834927797317505,-2.03189492225647,"2"
"163",0.505949974060059,0.385816007852554,0.78260213136673,0.894028067588806,0.216402530670166,"10",-0.724052608013153,-0.406901299953461,-2.34317255020142,"2"
"164",0.453287243843079,0.593829095363617,0.507310092449188,0.749858200550079,0.108013898134232,"11",-0.883914291858673,-0.375340610742569,-2.1392993927002,"2"
"165",0.48662057518959,0.572634637355804,0.498242169618607,0.769846379756927,0.100636012852192,"10",-0.888389110565186,-0.82093358039856,-2.11683773994446,"2"
"166",0.47027799487114,0.551809310913086,0.562911987304688,0.810770213603973,0.0849167630076408,"10",-0.776091873645782,-0.287170022726059,-2.22911834716797,"2"
"168",0.533325254917145,0.356568515300751,0.659433841705322,0.763262808322906,0.312068998813629,"2",-0.695845425128937,-0.305078119039536,-1.80978453159332,"2"
"169",0.478751838207245,0.422347664833069,0.676666378974915,0.832181453704834,0.344992220401764,"2",-0.575846493244171,-0.422266989946365,-2.02403926849365,"2"
"170",0.570893287658691,0.353503525257111,0.71019047498703,0.852631211280823,0.267396509647369,"2",-0.450280278921127,-0.467323154211044,-2.0516664981842,"2"
"171",0.398824334144592,0.539361536502838,0.673282742500305,0.893207967281342,0.19263319671154,"2",-0.591188251972198,-0.398045003414154,-2.3240213394165,"2"
"172",0.33123916387558,0.483528852462769,0.798379302024841,0.870713949203491,0.0744978412985802,"2",-0.787321925163269,-0.447927683591843,-2.32015299797058,"2"
"175",0.501937747001648,0.532678008079529,0.663279116153717,0.965800344944,0.10987314581871,"2",-0.530067980289459,-0.692968368530273,-2.76059651374817,"2"
"176",0.543543756008148,0.518720746040344,0.678850471973419,0.922069549560547,0.104970641434193,"2",-0.379980683326721,-0.766585648059845,-2.42680501937866,"2"
"177",0.576820850372314,0.461346805095673,0.597622871398926,0.910110652446747,0.0849167630076408,"10",-0.303753763437271,-0.758195161819458,-2.41631984710693,"2"
"178",0.906383156776428,0.244746282696724,0.71305650472641,0.888318121433258,0.515507936477661,"2",-0.898021042346954,-0.470206707715988,-2.24856972694397,"2"
"180",0.882977604866028,0.243966311216354,0.783319175243378,0.896654844284058,0.728704750537872,"2",-0.893497824668884,-0.569355189800262,-2.26643753051758,"2"
"182",0.660185635089874,0.479804188013077,0.508651673793793,0.731494426727295,0.666328907012939,"11",-0.980126678943634,-0.288863331079483,-2.22112703323364,"2"
"184",0.561728119850159,0.380944699048996,0.739373564720154,0.932500064373016,0.677213788032532,"2",-0.596309542655945,-0.444151312112808,-2.63655090332031,"2"
"185",0.625613331794739,0.325156390666962,0.707962512969971,0.868265151977539,0.742527365684509,"2",-0.958430647850037,-0.223393246531487,-2.15118646621704,"2"
"186",0.490506380796432,0.375470638275146,0.727800905704498,0.87422388792038,0.447756737470627,"2",-0.771139085292816,-0.597950518131256,-2.15408444404602,"2"
"187",0.487727254629135,0.342641800642014,0.64515632390976,0.865692615509033,0.459411948919296,"2",-0.874884068965912,-0.660276591777802,-2.14592933654785,"2"
"188",0.656175017356873,0.543527245521545,0.479425460100174,0.765951454639435,0.7908735871315,"11",-0.69916707277298,-0.286777794361115,-2.15079069137573,"2"
"191",0.689428567886353,0.457296758890152,0.650734663009644,0.884190022945404,0.534793019294739,"11",-0.854610741138458,-0.655885934829712,-2.34801864624023,"2"
"192",0.711834073066711,0.345856696367264,0.653395712375641,0.844662070274353,0.381939858198166,"2",-0.806546688079834,-0.322385400533676,-2.48744940757751,"2"
"194",0.788958847522736,0.290958076715469,0.688131332397461,0.916889429092407,0.316195726394653,"2",-0.689134538173676,-0.297014445066452,-2.60555100440979,"2"
"196",0.764226496219635,0.287868112325668,0.78389585018158,0.922061085700989,0.398752331733704,"2",-0.540822744369507,-0.527459919452667,-2.69596314430237,"2"
"197",0.832823514938354,0.176940694451332,0.671495139598846,0.767086923122406,0.140169739723206,"2",-0.476577699184418,-0.796052515506744,-1.72317337989807,"2"
"198",0.842117607593536,0.390827566385269,0.756906151771545,0.926153481006622,0.220574289560318,"2",-0.85486102104187,-0.266585975885391,-2.70176839828491,"2"
"199",0.855607151985168,0.341558963060379,0.732250690460205,0.955677330493927,0.0318238995969296,"2",-0.668684244155884,-0.397261381149292,-2.85407829284668,"2"
"200",0.881977558135986,0.164010852575302,0.680015921592712,0.733783841133118,0.0946192592382431,"2",-0.861390054225922,-0.312475919723511,-1.71931493282318,"2"
"201",0.85528165102005,0.284620732069016,0.714092075824738,0.92206221818924,0.233510255813599,"2",-0.466524243354797,-1.02161145210266,-2.3194375038147,"2"
"203",0.853165447711945,0.634242475032806,0.527896821498871,0.766983032226562,0.07743089646101,"2",-0.691667437553406,-0.778293967247009,-1.92809331417084,"2"
"204",0.879762589931488,0.630630075931549,0.440339833498001,0.440631061792374,0.0769059360027313,"5",-0.485370695590973,-0.77108758687973,-1.37845897674561,"2"
"205",0.89781790971756,0.48191499710083,0.487823903560638,0.582631051540375,0.0318238995969296,"5",-0.856297075748444,-0.587035179138184,-1.60978376865387,"2"
"207",0.654800534248352,0.714872479438782,0.564598739147186,0.750132203102112,0.00636478001251817,"5",-0.560987830162048,-1.19529807567596,-1.98367476463318,"2"
"208",0.93843948841095,0.351202040910721,0.756639122962952,0.944193124771118,0.0127295600250363,"2",-0.945161640644073,-0.698787569999695,-2.33499717712402,"2"
"209",0.920217990875244,0.255333602428436,0.716857254505157,0.757514417171478,0.198943942785263,"2",-0.88744992017746,-0.286059111356735,-1.53911054134369,"2"
"210",0.925827741622925,0.259208977222443,0.780327141284943,0.866699397563934,0.0360046327114105,"2",-0.844575583934784,-0.318379938602448,-1.84532010555267,"2"
"211",0.982912659645081,0.367694497108459,0.760404288768768,0.923702895641327,0.199350759387016,"2",-0.346970617771149,-0.85570102930069,-2.16820216178894,"2"
"212",0.99733030796051,0.412505894899368,0.769822001457214,0.93889456987381,0.160261079668999,"2",-0.824031889438629,-0.417842119932175,-2.43640804290771,"2"
"213",0.934563338756561,0.114849917590618,0.613175332546234,0.845073938369751,0.0540069490671158,"2",-0.569842100143433,-0.371963173151016,-2.04155588150024,"1"
"214",0.934860289096832,0.132500812411308,0.598860621452332,0.803757905960083,0.0766421034932137,"2",-0.669957220554352,-0.396744906902313,-2.07729196548462,"1"
"215",0.934267640113831,0.11946927011013,0.650766491889954,0.799642026424408,0.0827421396970749,"2",-0.66757208108902,-0.400026768445969,-1.95138823986053,"1"
"217",0.9316526055336,0.163220599293709,0.627798318862915,0.751640141010284,0.0954717025160789,"2",-0.623552918434143,-0.460192024707794,-2.00189185142517,"1"
"218",0.931943833827972,0.130126282572746,0.505308747291565,0.682245254516602,0.101836480200291,"2",-0.544871270656586,-0.46441787481308,-1.82781863212585,"1"
"221",0.93221253156662,0.140118762850761,0.566573202610016,0.765962064266205,0.0853924825787544,"2",-0.677947819232941,-0.415535092353821,-1.93442177772522,"1"
"224",0.951476573944092,0.418730229139328,0.474475264549255,0.734281480312347,0.13501738011837,"2",-0.463358372449875,-0.540829002857208,-1.95805299282074,"1"
"225",0.959610283374786,0.499670475721359,0.555167496204376,0.799839496612549,0.121598951518536,"11",-0.700631022453308,-0.277657002210617,-2.06326794624329,"1"
"226",0.941102981567383,0.31824404001236,0.677337467670441,0.848159193992615,0.060381606221199,"2",-0.555188238620758,-0.639160394668579,-2.21847724914551,"1"
"227",0.946933209896088,0.502960503101349,0.44348418712616,0.731993794441223,0.0569283254444599,"2",-0.779792129993439,-0.301142603158951,-1.8322137594223,"1"
"228",0.946846783161163,0.437610775232315,0.351990878582001,0.626005709171295,0.0127295600250363,"11",-0.89572274684906,-0.350591629743576,-1.81906878948212,"1"
"229",0.95562881231308,0.347399175167084,0.476364523172379,0.711870610713959,0.255623400211334,"11",-0.692916512489319,-0.393749296665192,-2.04463911056519,"1"
"231",0.964586913585663,0.270380049943924,0.761436700820923,0.884485423564911,0.24765457212925,"11",-0.485175520181656,-0.626221001148224,-2.28130388259888,"1"
"232",0.973432660102844,0.333750247955322,0.754519879817963,0.876287341117859,0.273759573698044,"11",-0.758541941642761,-0.416464865207672,-2.1470320224762,"1"
"233",0.973042011260986,0.320240914821625,0.689356744289398,0.859058558940887,0.260955989360809,"11",-0.638757586479187,-0.4135762155056,-2.18918013572693,"1"
"234",0.973663866519928,0.329305797815323,0.642735540866852,0.840836405754089,0.253394991159439,"11",-0.644769072532654,-0.467515587806702,-2.16776251792908,"1"
"235",0.972942531108856,0.31408879160881,0.687645554542542,0.869235873222351,0.251146823167801,"11",-0.619803786277771,-0.411954402923584,-2.34183287620544,"1"
"236",0.975421905517578,0.330395102500916,0.579552888870239,0.625080347061157,0.231331512331963,"11",-0.658727407455444,-0.48550683259964,-2.20976448059082,"1"
"237",0.961859703063965,0.437891870737076,0.621890842914581,0.829484820365906,0.205455273389816,"11",-0.578813254833221,-0.548226118087769,-2.15881848335266,"1"
"239",0.968754291534424,0.37045356631279,0.579611003398895,0.776651561260223,0.150886908173561,"11",-0.807149529457092,-0.400121748447418,-2.20943522453308,"1"
"241",0.973347842693329,0.455805450677872,0.525485694408417,0.78355473279953,0.207026645541191,"11",-0.706865191459656,-0.362168818712234,-2.12986135482788,"1"
"242",0.972551703453064,0.457756727933884,0.594946086406708,0.80396181344986,0.207026645541191,"11",-0.737397849559784,-0.403490036725998,-2.09145617485046,"1"
"243",0.970051467418671,0.432911038398743,0.641112387180328,0.874630093574524,0.220941290259361,"11",-0.429017812013626,-0.500774443149567,-2.26771402359009,"1"
"244",0.933387756347656,0.0834028571844101,0.367268860340118,0.606816172599792,0.0180023163557053,"2",-1.00678169727325,-0.419867813587189,-1.58767259120941,"1"
"245",0.940197706222534,0.198949322104454,0.728081822395325,0.855183839797974,0.0342753902077675,"2",-0.699777066707611,-0.371880531311035,-1.98306369781494,"1"
"247",0.939060688018799,0.220406264066696,0.740107953548431,0.876663684844971,0.0324541367590427,"2",-0.60093480348587,-0.404043048620224,-2.28573536872864,"1"
"251",0.940720856189728,0.177094742655754,0.649437963962555,0.827775716781616,0.0810104310512543,"2",-0.794333159923553,-0.354358315467834,-2.06914091110229,"1"
"252",0.941109001636505,0.153894111514091,0.602823734283447,0.790582835674286,0.0763773620128632,"2",-0.71139121055603,-0.361788421869278,-1.93522906303406,"1"
"253",0.941279351711273,0.185122340917587,0.764654934406281,0.86813098192215,0.0700125843286514,"2",-0.763191759586334,-0.497689813375473,-2.10470652580261,"1"
"254",0.94143933057785,0.219464793801308,0.800234794616699,0.910498201847076,0.063008114695549,"2",-0.673290848731995,-0.562666833400726,-2.36384034156799,"1"
"255",0.939746499061584,0.245056137442589,0.799743354320526,0.899600684642792,0.0513144992291927,"2",-0.58405327796936,-0.444134742021561,-2.36992430686951,"1"
"257",0.948047518730164,0.168587148189545,0.593601047992706,0.725643515586853,0,"11",-0.928668081760406,-0.643076479434967,-1.84852063655853,"1"
"258",0.947009265422821,0.12917685508728,0.387756526470184,0.585802912712097,0.00900115817785263,"11",-0.864195644855499,-0.473513603210449,-1.79708349704742,"1"
"259",0.946914076805115,0.0817917585372925,0.597287356853485,0.794887840747833,0.0426962412893772,"2",-0.706039786338806,-0.337017416954041,-1.98699617385864,"1"
"263",0.958613634109497,0.00779352197423577,0.573562026023865,0.720268070697784,0.0407544784247875,"2",-0.820512175559998,-0.424478977918625,-1.7593777179718,"1"
"265",0.951008260250092,0.184503108263016,0.465917766094208,0.698424398899078,0.143595978617668,"2",-0.755930364131927,-0.815888583660126,-1.73674893379211,"1"
"266",0.950040876865387,0.197543233633041,0.508281886577606,0.732355952262878,0.143030643463135,"2",-0.7224161028862,-0.661942005157471,-1.79386329650879,"1"
"267",0.948118567466736,0.23759126663208,0.480998992919922,0.719349026679993,0.131213307380676,"2",-0.77804172039032,-0.536999404430389,-1.71756494045258,"1"
"268",0.948105573654175,0.224792674183846,0.527201056480408,0.74139928817749,0.139735549688339,"2",-0.677085995674133,-0.566028296947479,-1.70992136001587,"1"
"269",0.939063370227814,0.408749788999557,0.372419446706772,0.671303689479828,0.0711604058742523,"11",-0.777131497859955,-1.06768786907196,-1.70196330547333,"1"
"270",0.911024928092957,0.134890079498291,0.426681369543076,0.670720875263214,0.00636478001251817,"2",-0.767721116542816,-0.473730444908142,-1.6407413482666,"1"
"272",0.879346966743469,0.280760228633881,0.711135029792786,0.844839334487915,0.00636478001251817,"2",-0.852667033672333,-0.769102513790131,-2.03701710700989,"1"
"273",0.878193318843842,0.262783050537109,0.732805728912354,0.852605640888214,0,"2",-0.812820434570312,-0.835976779460907,-2.10988974571228,"1"
"274",0.878967523574829,0.263246178627014,0.732628762722015,0.879459619522095,0.00636478001251817,"2",-0.703926146030426,-0.733823239803314,-2.17322278022766,"1"
"278",0.894743382930756,0.222440540790558,0.715546488761902,0.849353551864624,0.0324541367590427,"2",-0.719876170158386,-0.610653460025787,-2.09244084358215,"1"
"279",0.893679618835449,0.221347227692604,0.705288112163544,0.847967743873596,0.0262426603585482,"2",-0.681824266910553,-0.764078140258789,-2.1322009563446,"1"
"280",0.90475457906723,0.254546344280243,0.726965129375458,0.883094370365143,0.0318238995969296,"2",-0.422880470752716,-0.761649012565613,-2.20495891571045,"1"
"282",0.93690037727356,0.34493824839592,0.63623720407486,0.837835848331451,0.180023163557053,"2",-0.365749090909958,-0.602049052715302,-2.3185727596283,"1"
"283",0.917372822761536,0.359617322683334,0.626273095607758,0.831800878047943,0.154075026512146,"2",-0.639139533042908,-0.66954904794693,-2.24406170845032,"1"
"284",0.916851937770844,0.356866776943207,0.649607717990875,0.845548987388611,0.157584547996521,"2",-0.622993052005768,-0.692071795463562,-2.2016167640686,"1"
"285",0.91321736574173,0.333911538124084,0.652413129806519,0.802229344844818,0.153019696474075,"2",-0.523185431957245,-0.888736069202423,-2.10847067832947,"1"
"286",0.910656034946442,0.315319865942001,0.656130015850067,0.855333089828491,0.139590531587601,"2",-0.747774064540863,-0.747036457061768,-2.08324313163757,"1"
"287",0.908573985099792,0.303613662719727,0.761962413787842,0.88188248872757,0.130594372749329,"2",-0.6824991106987,-0.747040390968323,-2.22360467910767,"1"
"288",0.974278450012207,0.450534492731094,0.593236565589905,0.863276720046997,0.146528244018555,"11",-0.730147302150726,-0.37046280503273,-2.10174012184143,"1"
"289",0.947626650333405,0.262475043535233,0.593235492706299,0.817278027534485,0.0586803741753101,"2",-0.40935418009758,-0.645215153694153,-2.14528846740723,"1"
"290",0.94534033536911,0.263404697179794,0.565860211849213,0.830097556114197,0.0324541367590427,"2",-0.377599060535431,-0.659641146659851,-2.1431131362915,"1"
"291",0.94240015745163,0.246152728796005,0.60452538728714,0.816531300544739,0.0127295600250363,"2",-0.589745283126831,-0.698376774787903,-2.03350472450256,"1"
"292",0.877078294754028,0.241007119417191,0.648085534572601,0.891751885414124,0.00636478001251817,"2",-0.345668315887451,-0.74579119682312,-2.28820061683655,"1"
"293",0.879016995429993,0.251281917095184,0.733902633190155,0.890235424041748,0.00636478001251817,"2",-0.374857544898987,-0.802073836326599,-2.29752945899963,"1"
"298",0.823658287525177,0.241630718111992,0.740024566650391,0.885383069515228,0.143030643463135,"2",-0.628540337085724,-0.736419320106506,-2.17986154556274,"1"
"299",0.835295736789703,0.294825047254562,0.710619866847992,0.865007877349854,0.0229485407471657,"2",-0.927161157131195,-0.557995855808258,-2.17236137390137,"1"
"302",0.922103881835938,0.142814084887505,0.637311816215515,0.757104635238647,0.104970641434193,"2",-0.858424186706543,-0.35086390376091,-1.62170171737671,"1"
"305",0.945777595043182,0.243193954229355,0.630422592163086,0.804810702800751,0.0127295600250363,"2",-0.781826198101044,-0.440868824720383,-2.05957651138306,"1"
"306",0.946456253528595,0.230561271309853,0.691045641899109,0.871832191944122,0.00636478001251817,"2",-0.630516946315765,-0.494641691446304,-2.08795166015625,"1"
"307",0.945312142372131,0.216494917869568,0.7176473736763,0.895479083061218,0.0402544066309929,"2",-0.629495739936829,-0.467457294464111,-2.32829213142395,"1"
"308",0.94447934627533,0.205224111676216,0.680342733860016,0.824191451072693,0.0586803741753101,"2",-0.678528070449829,-0.492868572473526,-2.06857514381409,"1"
"309",0.944709658622742,0.198950096964836,0.748072624206543,0.843959093093872,0.0540069490671158,"2",-0.729584634304047,-0.462168157100677,-1.89400935173035,"1"
"310",0.944057822227478,0.198791205883026,0.660171031951904,0.858263552188873,0.065529428422451,"2",-0.678165316581726,-0.427380710840225,-2.14958214759827,"1"
"311",0.94381195306778,0.196905344724655,0.743452966213226,0.881580710411072,0.0688456296920776,"2",-0.676993906497955,-0.383228182792664,-2.31849098205566,"1"
"312",0.943461418151855,0.192820996046066,0.75341135263443,0.90687221288681,0.072009265422821,"2",-0.621174871921539,-0.423945039510727,-2.29831314086914,"1"
"314",0.943528056144714,0.262628138065338,0.649189054965973,0.837104260921478,0.0342753902077675,"2",-0.554588079452515,-0.657890558242798,-2.3709716796875,"1"
"315",0.945777595043182,0.243193954229355,0.630422592163086,0.804810702800751,0.0127295600250363,"2",-0.781826198101044,-0.440868824720383,-2.05957651138306,"1"
"318",0.891391098499298,0.152786210179329,0.707370519638062,0.813693523406982,0.164255738258362,"2",-0.815802156925201,-0.501085817813873,-1.88821446895599,"1"
"319",0.889316022396088,0.224944710731506,0.610056698322296,0.803584396839142,0.175580278038979,"2",-0.946558475494385,-0.353064775466919,-1.99469101428986,"1"
"322",0.900630235671997,0.295293748378754,0.552156209945679,0.786060333251953,0.238573148846626,"2",-0.833299279212952,-0.385367423295975,-2.21638464927673,"1"
"323",0.906769514083862,0.240852504968643,0.761471748352051,0.8712118268013,0.261033594608307,"2",-0.95198529958725,-0.564178049564362,-2.06427431106567,"1"
"325",0.917410314083099,0.145821362733841,0.658397138118744,0.814844727516174,0.27010977268219,"2",-1.0403710603714,-0.457205086946487,-2.12309741973877,"1"
"326",0.813010036945343,0.258586823940277,0.678552567958832,0.87452107667923,0.16063979268074,"2",-0.473681062459946,-0.925710797309875,-2.36950349807739,"1"
"328",0.805577874183655,0.243340030312538,0.770442068576813,0.93373715877533,0.159500941634178,"2",-0.460567712783813,-0.749505698680878,-2.60838294029236,"1"
"329",0.803799092769623,0.243498563766479,0.784563362598419,0.905776083469391,0.15719847381115,"2",-0.423224419355392,-0.780890285968781,-2.27241826057434,"1"
"331",0.798399031162262,0.292048722505569,0.634235918521881,0.815987765789032,0.153284206986427,"2",-0.500575661659241,-0.842217981815338,-2.21347570419312,"1"
"332",0.76628053188324,0.338661700487137,0.620065331459045,0.823327481746674,0.184578627347946,"2",-0.334571361541748,-0.73595130443573,-1.98691499233246,"1"
"335",0.85782116651535,0.311475813388824,0.649484038352966,0.83441960811615,0.0127295600250363,"2",-0.880193889141083,-0.421731770038605,-1.90721988677979,"1"
"336",0.857841730117798,0.240547269582748,0.606782376766205,0.797441899776459,0.0190943405032158,"2",-0.830890119075775,-0.434764355421066,-1.94489729404449,"1"
"337",0.86255544424057,0.180240869522095,0.802333354949951,0.8898646235466,0.0402544066309929,"2",-0.746695697307587,-0.395144432783127,-2.0284595489502,"1"
"338",0.92505407333374,0.257201850414276,0.477149933576584,0.704497635364532,0.122428990900517,"2",-0.445196747779846,-1.59752368927002,-1.99097549915314,"1"
"339",0.927671611309052,0.261394679546356,0.520153760910034,0.729036390781403,0.131058856844902,"2",-0.646258592605591,-1.16190731525421,-2.07304239273071,"1"
"341",0.763249456882477,0.362073928117752,0.547593355178833,0.66099226474762,0.156552895903587,"11",-0.67169600725174,-0.440360575914383,-1.86040329933167,"1"
"342",0.76587575674057,0.41664645075798,0.300820767879486,0.192542791366577,0.139590531587601,"11",-0.774053990840912,-0.328100979328156,-1.18015313148499,"1"
"343",0.770233809947968,0.42269366979599,0.289370983839035,0.1666199862957,0.146942362189293,"11",-0.575875222682953,-0.349487155675888,-1.1404983997345,"1"
"344",0.772843182086945,0.381120592355728,0.67398077249527,0.698990166187286,0.157455965876579,"11",-0.748057544231415,-0.451585710048676,-1.97362673282623,"1"
"345",0.775451481342316,0.337132304906845,0.706065952777863,0.788740873336792,0.168516486883163,"11",-0.694095075130463,-0.473474621772766,-2.14026498794556,"1"
"346",0.800843179225922,0.296526163816452,0.739896178245544,0.815314292907715,0.180023163557053,"11",-0.700181543827057,-0.377908051013947,-2.24087071418762,"1"
"348",0.765456140041351,0.35275137424469,0.610020577907562,0.732781529426575,0.159627884626389,"11",-0.736038327217102,-0.498540103435516,-1.9638090133667,"1"
"349",0.763969898223877,0.386279046535492,0.58704286813736,0.821180045604706,0.16301791369915,"2",-0.550868093967438,-0.541162610054016,-2.05122017860413,"1"
"350",0.779034614562988,0.32761487364769,0.664293587207794,0.865338802337646,0.130594372749329,"2",-0.560941398143768,-0.546594679355621,-2.1583046913147,"1"
"351",0.775145590305328,0.364196240901947,0.619601666927338,0.836760699748993,0.127295598387718,"2",-0.557367026805878,-0.553888261318207,-2.19644021987915,"1"
"353",0.676741778850555,0.592343807220459,0.593453168869019,0.868369340896606,0.220574289560318,"11",-0.649378836154938,-0.52574634552002,-2.19073867797852,"1"
"354",0.679794311523438,0.603793621063232,0.5949986577034,0.869655013084412,0.211575090885162,"11",-0.761764883995056,-0.371771335601807,-2.27436685562134,"1"
"355",0.718898057937622,0.37684166431427,0.728535711765289,0.877181112766266,0.0127295600250363,"2",-0.721944034099579,-0.409159332513809,-2.01961708068848,"1"
"357",0.660066545009613,0.305926769971848,0.764524042606354,0.886436522006989,0.210037752985954,"2",-0.590027928352356,-0.472474247217178,-2.23203206062317,"1"
"358",0.955362200737,0.100979171693325,0.783202588558197,0.856081068515778,0.0797504708170891,"2",-0.681699335575104,-0.472650498151779,-2.02840280532837,"1"
"359",0.956825256347656,0.105926252901554,0.716678559780121,0.829538583755493,0.0711604058742523,"2",-0.582839369773865,-0.417913824319839,-2.0122447013855,"1"
"361",0.940572500228882,0.287870675325394,0.768785238265991,0.893824815750122,0.258460223674774,"2",-0.409991234540939,-0.923535346984863,-2.27010655403137,"1"
"362",0.938531816005707,0.317011833190918,0.718769550323486,0.855935573577881,0.217243298888206,"2",-0.215914085507393,-1.03774011135101,-2.09010815620422,"1"
"364",0.888426601886749,0.556999325752258,0.460731595754623,0.689530432224274,0.02846416272223,"11",-0.691924393177032,-0.309991538524628,-1.98437404632568,"1"
"365",0.907522857189178,0.397811830043793,0.711797833442688,0.902313828468323,0.0911297872662544,"11",-0.67294317483902,-0.626147747039795,-2.33147478103638,"1"
"367",0.9043830037117,0.386752128601074,0.462062031030655,0.642337441444397,0.0497105233371258,"11",-0.872477293014526,-0.361663669347763,-1.98910224437714,"1"
"368",0.916152954101562,0.465271204710007,0.478206068277359,0.72990757226944,0.120090432465076,"11",-0.766479194164276,-0.38356140255928,-2.08985781669617,"1"
"369",0.920584917068481,0.288647353649139,0.696798086166382,0.848231196403503,0.0342753902077675,"2",-0.877856850624084,-0.370819628238678,-1.72741615772247,"1"
"370",0.942036926746368,0.26495149731636,0.732310473918915,0.896688461303711,0.068550780415535,"2",-0.590936064720154,-0.583310961723328,-2.01226258277893,"1"
"371",0.92930805683136,0.357169836759567,0.615361511707306,0.857173979282379,0.0524853207170963,"11",-0.666955173015594,-0.411650031805038,-2.09429144859314,"1"
"372",0.909791171550751,0.425977200269699,0.553234934806824,0.796576321125031,0,"11",-0.666911721229553,-0.852433443069458,-2.19117784500122,"1"
"374",0.934288203716278,0.41722309589386,0.453291207551956,0.690625190734863,0.185017064213753,"2",-0.585248470306396,-0.433275252580643,-2.01552772521973,"1"
"375",0.926811516284943,0.355025142431259,0.741230726242065,0.911567628383636,0.152754724025726,"2",-0.568582653999329,-0.357475101947784,-2.07312941551208,"1"
"378",0.900736808776855,0.499219566583633,0.622719585895538,0.842577040195465,0.0776920393109322,"11",-0.622628569602966,-0.311046332120895,-2.13054323196411,"1"
"379",0.923268377780914,0.484280794858932,0.565980970859528,0.840794622898102,0.13710156083107,"11",-0.741124212741852,-0.398009598255157,-2.20680856704712,"1"
"381",0.931161046028137,0.377603024244308,0.668346405029297,0.876247704029083,0.120763212442398,"11",-0.727462947368622,-0.388219028711319,-2.21615028381348,"1"
"383",0.9521404504776,0.385526299476624,0.531066477298737,0.749214053153992,0.128876984119415,"11",-0.6649050116539,-0.496397942304611,-2.06870746612549,"1"
"385",0.977486491203308,0.349526524543762,0.606743037700653,0.86397659778595,0.0254591200500727,"11",-0.411150276660919,-0.466977775096893,-2.38919925689697,"1"
"387",0.954346239566803,0.409796446561813,0.545682609081268,0.818293333053589,0.0636477991938591,"2",-0.564477622509003,-0.385104805231094,-2.10430550575256,"1"
"388",0.939119279384613,0.293748885393143,0.559927523136139,0.795904874801636,0.0742254555225372,"2",-0.612979769706726,-0.44761049747467,-2.16070318222046,"1"
"389",0.947445631027222,0.322088718414307,0.618337869644165,0.825798511505127,0.065529428422451,"2",-0.580548942089081,-0.499665915966034,-2.04632973670959,"1"
"390",0.970717966556549,0.26325511932373,0.586282849311829,0.764033675193787,0.0639652460813522,"2",-0.445223480463028,-0.488980442285538,-1.65738928318024,"1"
"392",0.974263668060303,0.281376749277115,0.692059457302094,0.864588856697083,0.0360046327114105,"2",-0.48631364107132,-0.45319989323616,-2.43389344215393,"1"
"395",0.918185949325562,0.483523726463318,0.74377566576004,0.910654664039612,0.101836480200291,"2",-0.5574049949646,-0.704823970794678,-2.12768793106079,"1"
"396",0.963886439800262,0.137259840965271,0.718684077262878,0.819219410419464,0.014232081361115,"2",-0.867904305458069,-0.535374999046326,-2.44181299209595,"1"
"397",0.941237926483154,0.445745497941971,0.389231830835342,0.608492374420166,0.00636478001251817,"11",-0.888083100318909,-0.507788419723511,-1.64033138751984,"1"
"398",0.95968621969223,0.207732498645782,0.56656402349472,0.809764266014099,0.0201272033154964,"2",-0.724575042724609,-0.439902007579803,-2.19651055335999,"1"
"399",0.967454254627228,0.181519865989685,0.529329419136047,0.542727470397949,0.0524853207170963,"2",-0.685751140117645,-0.465695202350616,-2.30691623687744,"1"
"402",0.945498883724213,0.360384851694107,0.577500343322754,0.783121943473816,0.0990127399563789,"2",-0.628372371196747,-0.435197353363037,-2.14472270011902,"1"
"404",0.939840614795685,0.231651812791824,0.782148599624634,0.888276815414429,0.0649082735180855,"2",-0.737304329872131,-0.499899625778198,-2.25377678871155,"1"
"405",0.953844010829926,0.25221648812294,0.672847032546997,0.862043857574463,0.0229485407471657,"2",-0.852656304836273,-0.393283367156982,-2.35865330696106,"1"
"406",0.970894753932953,0.256259769201279,0.662485480308533,0.840199649333954,0.101836480200291,"2",-0.769354343414307,-0.463517665863037,-2.14442038536072,"1"
"408",0.976150393486023,0.291737854480743,0.645512342453003,0.837511837482452,0.156552895903587,"2",-0.728741466999054,-0.584441065788269,-2.28687596321106,"1"
"409",0.957340776920319,0.438047498464584,0.536758303642273,0.789129853248596,0.100636012852192,"2",-0.556917190551758,-0.361661344766617,-1.99729025363922,"1"
"410",0.959914565086365,0.424314320087433,0.558133065700531,0.816557705402374,0.0911297872662544,"2",-0.57395076751709,-0.469909489154816,-2.01953530311584,"1"
"411",0.963780224323273,0.327161699533463,0.581552743911743,0.783594846725464,0.0865703746676445,"2",-0.781836211681366,-0.232863038778305,-1.98419547080994,"1"
"413",0.958817720413208,0.335294455289841,0.549342393875122,0.76417863368988,0.190943405032158,"11",-0.737437307834625,-0.552620887756348,-2.16756010055542,"1"
"414",0.973867952823639,0.412220299243927,0.555811941623688,0.801428854465485,0.0990127399563789,"11",-0.558637082576752,-0.490315705537796,-2.23278641700745,"1"
"415",0.976040244102478,0.452648997306824,0.531638622283936,0.776791036128998,0.140169739723206,"11",-0.761880397796631,-0.394496887922287,-2.09445786476135,"1"
"416",0.974031865596771,0.25983053445816,0.638372838497162,0.867066502571106,0.119583360850811,"2",-0.562631666660309,-0.462067186832428,-2.23964548110962,"1"
"418",0.939428150653839,0.491040378808975,0.27552530169487,0.515508353710175,0.00636478001251817,"11",-1.10162711143494,-0.346172720193863,-1.60573053359985,"1"
"419",0.93314653635025,0.0543424524366856,0.529731094837189,0.681708157062531,0.0229485407471657,"2",-0.994288980960846,-0.363554179668427,-1.57553398609161,"1"
"420",0.951054334640503,0.592656433582306,0.403765916824341,0.725934267044067,0.0201272033154964,"11",-0.701384365558624,-0.379099071025848,-1.77461671829224,"1"
"421",0.971430063247681,0.397372215986252,0.61215740442276,0.747254312038422,0.13621224462986,"11",-0.830418050289154,-0.359019458293915,-1.95117843151093,"1"
"422",0.961668848991394,0.385980486869812,0.467908680438995,0.763366043567657,0.100636012852192,"2",-0.693178057670593,-0.297948002815247,-1.99662709236145,"1"
"423",0.938336491584778,0.470060020685196,0.560458600521088,0.816358268260956,0.060381606221199,"2",-0.658288896083832,-0.341051399707794,-2.1233286857605,"1"
"424",0.950108528137207,0.35121476650238,0.6648810505867,0.817053973674774,0.11385665088892,"2",-0.655313491821289,-0.610412657260895,-2.06741762161255,"1"
"426",0.974321663379669,0.310859203338623,0.68982595205307,0.834389507770538,0.190731137990952,"2",-0.565280318260193,-0.944422423839569,-2.29875040054321,"1"
"427",0.963361859321594,0.391151368618011,0.520884215831757,0.733590304851532,0.165973156690598,"2",-0.705145955085754,-0.421030342578888,-1.97248804569244,"1"
"428",0.961474537849426,0.273636132478714,0.733713686466217,0.85919713973999,0.278963297605515,"2",-0.826991319656372,-0.40461540222168,-2.30816841125488,"1"
"429",0.950099766254425,0.351985275745392,0.508630037307739,0.730645418167114,0.257439434528351,"11",-0.518518090248108,-1.04463183879852,-1.98843944072723,"1"
"432",0.941886246204376,0.366031497716904,0.582631826400757,0.782151162624359,0.213481217622757,"2",-0.718491792678833,-0.600267887115479,-2.1504852771759,"1"
"433",0.935005962848663,0.259830445051193,0.68230676651001,0.868470549583435,0.068550780415535,"2",-0.417379140853882,-0.832256257534027,-2.21376895904541,"1"
"435",0.895673811435699,0.379131436347961,0.669534087181091,0.819980919361115,0.00900115817785263,"2",-0.675173699855804,-0.390974491834641,-2.03308606147766,"1"
"436",0.891869604587555,0.425376713275909,0.549487709999084,0.768325090408325,0.014232081361115,"2",-0.824757993221283,-0.342210114002228,-1.91868019104004,"1"
"437",0.922245621681213,0.335750192403793,0.618323028087616,0.817614257335663,0.165116682648659,"2",-0.366382628679276,-0.808631956577301,-2.18073081970215,"1"
"438",0.913280606269836,0.286019086837769,0.674962639808655,0.858450770378113,0.0946192592382431,"2",-0.82365083694458,-0.642954409122467,-2.05702090263367,"1"
"439",0.903754532337189,0.233682885766029,0.692805886268616,0.860393345355988,0.0190943405032158,"2",-0.676798045635223,-0.762913763523102,-2.15278458595276,"1"
"440",0.894352197647095,0.256259948015213,0.652600407600403,0.837019622325897,0.00636478001251817,"2",-0.631316840648651,-0.621163547039032,-2.11380553245544,"1"
"441",0.898482263088226,0.278438836336136,0.654303252696991,0.841392993927002,0.0127295600250363,"2",-0.618188500404358,-0.546531558036804,-2.18609547615051,"1"
"442",0.932245373725891,0.0409616567194462,0.685581266880035,0.77986478805542,0.143030643463135,"2",-0.801227450370789,-0.422270685434341,-1.75431323051453,"1"
"444",0.945965766906738,0.270231485366821,0.611472308635712,0.81136566400528,0.0381886810064316,"2",-0.728769302368164,-0.527536392211914,-2.23317432403564,"1"
"448",0.96410459280014,0.826739490032196,0.227032840251923,0.515506148338318,0.229573652148247,"11",-0.771481335163116,-0.449582546949387,-1.41173768043518,"1"
"449",0.972309947013855,0.396599054336548,0.69295871257782,0.895759403705597,0.18794971704483,"11",-0.4881452023983,-0.428622394800186,-2.24409985542297,"1"
"450",0.939301550388336,0.159107893705368,0.717102706432343,0.843890070915222,0.127454623579979,"2",-0.828612744808197,-0.433981746435165,-2.0174400806427,"1"
"451",0.935655355453491,0.11755458265543,0.729755163192749,0.873332381248474,0.164255738258362,"2",-0.605183243751526,-0.368140280246735,-2.01993560791016,"1"
"452",0.935437679290771,0.0694542452692986,0.614418864250183,0.632616460323334,0.014232081361115,"2",-0.927584886550903,-0.449468433856964,-1.24703443050385,"1"
"453",0.961931109428406,0.106727384030819,0.582821905612946,0.757935702800751,0.0484727211296558,"2",-0.606869220733643,-0.342685371637344,-1.92082667350769,"1"
"454",0.951784253120422,0.094272181391716,0.625714957714081,0.802874982357025,0.0827421396970749,"2",-0.577373027801514,-0.372789591550827,-1.95968902111053,"1"
"455",0.924076855182648,0.340039104223251,0.66803765296936,0.828395843505859,0.0865703746676445,"2",-0.593539357185364,-0.465687572956085,-1.94253408908844,"1"
"459",0.939271569252014,0.283700525760651,0.660033047199249,0.840618133544922,0.0572830215096474,"2",-0.618863165378571,-0.528365969657898,-2.11667633056641,"1"
"460",0.930071175098419,0.517413139343262,0.407503724098206,0.670980393886566,0.0450057908892632,"11",-0.758635461330414,-0.443580865859985,-1.6956080198288,"1"
"462",0.967550456523895,0.43140235543251,0.657798290252686,0.881263017654419,0.253474950790405,"11",-0.276897847652435,-0.764634132385254,-2.23676133155823,"1"
"463",0.95215368270874,0.290661603212357,0.590231776237488,0.788067638874054,0.173724696040154,"2",-0.406854152679443,-0.720097005367279,-2.02942061424255,"1"
"464",0.926989912986755,0.307624161243439,0.655309557914734,0.843640267848969,0.0127295600250363,"2",-0.244986012578011,-1.09310591220856,-2.06719398498535,"1"
"465",0.91871303319931,0.33144935965538,0.752524435520172,0.881894052028656,0.0497105233371258,"2",-0.418519198894501,-0.516049265861511,-2.24627208709717,"1"
"466",0.909800291061401,0.408300220966339,0.307777285575867,0.597344636917114,0.0262426603585482,"11",-0.995196461677551,-0.659232079982758,-1.67213487625122,"1"
"467",0.937978863716125,0.324545443058014,0.632806718349457,0.824664771556854,0.16363799571991,"2",-0.321980714797974,-0.864620923995972,-2.21684551239014,"1"
"468",0.928940236568451,0.233369544148445,0.709081530570984,0.873101592063904,0.0805088132619858,"2",-0.82302451133728,-0.479460299015045,-2.12801814079285,"1"
"469",0.919825911521912,0.275955826044083,0.729825735092163,0.901516497135162,0,"2",-0.414107501506805,-0.824797570705414,-2.19297575950623,"1"
"471",0.911294758319855,0.253930419683456,0.668627202510834,0.832027733325958,0.0318238995969296,"2",-0.437334060668945,-0.971006274223328,-2.00270700454712,"1"
"473",0.962090909481049,0.0829196944832802,0.464137077331543,0.684634149074554,0.0371127277612686,"2",-0.522895276546478,-0.298012673854828,-1.8021023273468,"1"
"475",0.953720986843109,0.173476040363312,0.474860906600952,0.744089305400848,0.126817345619202,"2",-0.852116405963898,-0.552127301692963,-1.91218972206116,"1"
"476",0.955509185791016,0.225260525941849,0.567632138729095,0.752992868423462,0.0954717025160789,"2",-0.587775051593781,-0.850463211536407,-1.82977998256683,"1"
"477",0.937629044055939,0.312721401453018,0.450713038444519,0.656194627285004,0.0766421034932137,"11",-0.851624190807343,-0.455972909927368,-1.70048904418945,"1"
"478",0.948176264762878,0.226504132151604,0.641869783401489,0.83936595916748,0.0360046327114105,"2",-0.513395190238953,-0.639757394790649,-2.14624118804932,"1"
"479",0.90573126077652,0.315635591745377,0.56874942779541,0.779845595359802,0.137691259384155,"2",-0.583023190498352,-0.820032477378845,-2.06636476516724,"1"
"481",0.896270573139191,0.152308702468872,0.697170257568359,0.852301478385925,0.0229485407471657,"2",-0.776122808456421,-0.432019591331482,-2.2509241104126,"1"
"483",0.893365859985352,0.435487657785416,0.508690416812897,0.753213107585907,0.0262426603585482,"2",-0.821956634521484,-0.309223026037216,-1.88578200340271,"1"
"484",0.897631824016571,0.242098480463028,0.680157780647278,0.875520765781403,0.0127295600250363,"2",-0.615143358707428,-0.836352825164795,-2.2082896232605,"1"
"486",0.944494903087616,0.0590040311217308,0.612283825874329,0.789753019809723,0.0484727211296558,"2",-0.578111350536346,-0.456601411104202,-1.88904011249542,"1"
"487",0.945140898227692,0.204611241817474,0.339189350605011,0.593296647071838,0.00636478001251817,"11",-0.792916417121887,-0.733552396297455,-1.77345418930054,"1"
"488",0.929406762123108,0.18182073533535,0.674957990646362,0.819754421710968,0.068550780415535,"2",-0.633292078971863,-0.383278906345367,-2.00957775115967,"1"
"489",0.945300161838531,0.250511705875397,0.630408108234406,0.770902454853058,0.0426962412893772,"2",-0.908256947994232,-0.490815341472626,-1.82000637054443,"1"
"492",0.942484736442566,0.192345783114433,0.929863750934601,0.950892448425293,0.0445534624159336,"2",-0.570678949356079,-0.533435165882111,-2.54682970046997,"1"
"493",0.9286088347435,0.340194225311279,0.58624130487442,0.804104328155518,0.0254591200500727,"2",-0.772496342658997,-0.43134793639183,-2.10069894790649,"1"
"495",0.948545515537262,0.0886723250150681,0.810578644275665,0.893494963645935,0.0700125843286514,"2",-0.694257915019989,-0.394787341356277,-2.1115562915802,"1"
"497",0.937734067440033,0.175991877913475,0.681345283985138,0.847484886646271,0.17511822283268,"2",-0.663352429866791,-0.531281471252441,-1.99847102165222,"1"
"498",0.948623180389404,0.0808362141251564,0.686507880687714,0.730134606361389,0.0342753902077675,"2",-0.854843974113464,-0.302975326776505,-1.46326518058777,"1"
"499",0.929771542549133,0.18717135488987,0.607071876525879,0.78742641210556,0.0725696608424187,"2",-0.585259974002838,-0.426501542329788,-2.13460755348206,"1"
"501",0.933618605136871,0.162742123007774,0.687602698802948,0.835303664207458,0.148587286472321,"11",-0.709721863269806,-0.494428306818008,-2.16730570793152,"1"
"502",0.935898900032043,0.0993836894631386,0.716804981231689,0.806821525096893,0.199756786227226,"2",-0.815950095653534,-0.347018599510193,-1.69781386852264,"1"
"503",0.93770956993103,0.295598357915878,0.629730999469757,0.840588450431824,0.178327456116676,"2",-0.526481688022614,-0.74140852689743,-2.32310557365417,"1"
"504",0.950292646884918,0.0673553049564362,0.737704455852509,0.84504097700119,0.0649082735180855,"2",-0.632435739040375,-0.397973030805588,-1.97611427307129,"1"
"505",0.951386094093323,0.321629375219345,0.604229986667633,0.794461786746979,0.0201272033154964,"11",-0.738398373126984,-0.37722185254097,-2.06262063980103,"1"
"506",0.823735415935516,0.305004209280014,0.726616680622101,0.850724995136261,0.0360046327114105,"2",-0.754736006259918,-0.436735481023788,-2.17395973205566,"1"
"507",0.845412969589233,0.332840204238892,0.574214100837708,0.774825811386108,0.0513144992291927,"2",-0.738879919052124,-0.60052764415741,-2.17555952072144,"1"
"508",0.857147514820099,0.318861186504364,0.640682995319366,0.82388311624527,0.0262426603585482,"2",-0.633075177669525,-0.716318547725677,-2.26296806335449,"1"
"510",0.876201033592224,0.252218127250671,0.68005245923996,0.84024977684021,0.00636478001251817,"2",-0.693170845508575,-0.613604545593262,-2.15337252616882,"1"
"511",0.887664556503296,0.424021005630493,0.514083564281464,0.72529411315918,0.0810104310512543,"11",-0.526023387908936,-0.709061861038208,-2.08592128753662,"1"
"512",0.891543090343475,0.291427999734879,0.672902703285217,0.846631169319153,0.0497105233371258,"2",-0.35684072971344,-0.718084633350372,-2.25723528862,"1"
"514",0.911149740219116,0.104491956532001,0.668629944324493,0.809573829174042,0.0805088132619858,"2",-0.585041105747223,-0.625892102718353,-1.93742191791534,"1"
"516",0.928297996520996,0.219157010316849,0.70018482208252,0.850567102432251,0.15719847381115,"2",-0.661325335502625,-0.870158910751343,-2.11893534660339,"1"
"517",0.948560118675232,0.225570574402809,0.643327653408051,0.78842431306839,0.168155521154404,"2",-0.650561928749084,-0.598025619983673,-1.7571759223938,"1"
"519",0.950973808765411,0.197700470685959,0.535747289657593,0.742338538169861,0.129816547036171,"2",-0.847002387046814,-0.611631393432617,-1.8340505361557,"1"
"521",0.963343977928162,0.219629794359207,0.580181062221527,0.815145611763,0.0318238995969296,"2",-0.425164699554443,-0.75184953212738,-1.93402135372162,"1"
"522",0.962995648384094,0.130756929516792,0.588039219379425,0.762397646903992,0.0463362969458103,"2",-0.63208019733429,-0.358018040657043,-1.89582896232605,"1"
"523",0.957773208618164,0.137258395552635,0.635418713092804,0.843576788902283,0.167067900300026,"2",-0.493486851453781,-0.438513040542603,-2.15944743156433,"1"
"524",0.959148406982422,0.26418662071228,0.569892466068268,0.753373265266418,0.0939748585224152,"2",-0.806396842002869,-0.960820913314819,-1.94377207756042,"1"
"525",0.961075842380524,0.157051593065262,0.679320216178894,0.886654555797577,0.0649082735180855,"2",-0.319954097270966,-0.707605063915253,-2.19468331336975,"1"
"526",0.961560428142548,0.0562727004289627,0.531785726547241,0.681308329105377,0.0318238995969296,"2",-0.540606081485748,-0.429509967565536,-1.61554431915283,"1"
"528",0.860796749591827,0.312088131904602,0.702102661132812,0.864891409873962,0.0939748585224152,"2",-0.679254531860352,-0.684826016426086,-2.22312593460083,"1"
"530",0.854826331138611,0.336820065975189,0.649609863758087,0.841368019580841,0.100636012852192,"2",-0.666759848594666,-0.509355783462524,-2.0784752368927,"1"
"532",0.848161935806274,0.68989497423172,0.501091063022614,0.754957735538483,0.13621224462986,"2",-0.687099695205688,-0.404249370098114,-1.70841860771179,"1"
"533",0.838205218315125,0.640966236591339,0.501916944980621,0.673388540744781,0.162270694971085,"2",-0.659555375576019,-0.512892067432404,-1.59503757953644,"1"
"535",0.822835147380829,0.242881432175636,0.685032725334167,0.829720497131348,0.131058856844902,"2",-0.824937641620636,-0.566729009151459,-2.09695267677307,"1"
"537",0.878175854682922,0.266972303390503,0.675011456012726,0.855578303337097,0.0190943405032158,"2",-0.51893824338913,-0.698096752166748,-2.14453387260437,"1"
"539",0.905680000782013,0.296676456928253,0.718903362751007,0.86564040184021,0.0969454422593117,"2",-0.44239130616188,-0.760307192802429,-2.26606154441833,"1"
"540",0.902878224849701,0.133931562304497,0.665360033512115,0.798058271408081,0.0509182401001453,"2",-0.790593564510345,-0.457415580749512,-1.73855221271515,"1"
"542",0.923002362251282,0.275496780872345,0.694883644580841,0.84761917591095,0.139590531587601,"2",-0.523810982704163,-0.409976094961166,-2.21208357810974,"1"
"544",0.941690027713776,0.179299756884575,0.753508925437927,0.825682997703552,0.201272025704384,"2",-0.738027334213257,-0.721899211406708,-2.04313778877258,"1"
"547",0.957042038440704,0.112145349383354,0.615597128868103,0.782808244228363,0.02846416272223,"2",-0.666701376438141,-0.426569253206253,-1.88359832763672,"1"
"550",0.826842188835144,0.42718169093132,0.654993057250977,0.835809469223022,0.0407544784247875,"11",-0.639651954174042,-0.854131817817688,-2.19876861572266,"1"
"551",0.884406924247742,0.19109483063221,0.739317178726196,0.880564033985138,0.0201272033154964,"2",-0.513845860958099,-0.725680112838745,-2.23177051544189,"1"
"552",0.880465567111969,0.10592444986105,0.749207139015198,0.862785160541534,0.0190943405032158,"2",-0.597599506378174,-0.480625748634338,-2.02504682540894,"1"
"553",0.787086725234985,0.28478130698204,0.704123437404633,0.87303227186203,0.220666125416756,"2",-0.705541551113129,-0.802937209606171,-2.23787474632263,"1"
"555",0.824635326862335,0.422346949577332,0.667046666145325,0.838902115821838,0.0371127277612686,"11",-0.637022316455841,-0.784279882907867,-2.21863293647766,"1"
"556",0.797874271869659,0.330688416957855,0.657524645328522,0.805877327919006,0.233423471450806,"11",-0.786990940570831,-0.320142298936844,-2.07338643074036,"1"
"557",0.922972857952118,0.44031086564064,0.487260580062866,0.750069499015808,0.0180023163557053,"11",-0.640114188194275,-0.42959588766098,-1.99326086044312,"1"
"558",0.837435662746429,0.216183632612228,0.728988230228424,0.880995333194733,0.254750281572342,"2",-0.480953246355057,-0.455486953258514,-2.12752771377563,"1"
"559",0.846562087535858,0.159109950065613,0.671875655651093,0.810578644275665,0.0900115817785263,"11",-0.71580958366394,-0.349124938249588,-2.12803864479065,"1"
"560",0.882283747196198,0.199274733662605,0.593805909156799,0.642798721790314,0.060381606221199,"11",-0.331468462944031,-0.59060400724411,-2.08968305587769,"1"
"561",0.922301530838013,0.326545596122742,0.553963184356689,0.777972638607025,0.00636478001251817,"2",-0.82664430141449,-0.436597645282745,-2.02272868156433,"1"
"564",0.705962598323822,0.256256461143494,0.719290256500244,0.880401134490967,0.30042839050293,"2",-0.99414587020874,-0.486039042472839,-2.15113878250122,"1"
"565",0.737904489040375,0.302231878042221,0.702681362628937,0.833677113056183,0.211957693099976,"2",-0.739558041095734,-0.43180188536644,-2.14983081817627,"1"
"566",0.949425220489502,0.0977844521403313,0.685673356056213,0.859046041965485,0.0463362969458103,"2",-0.495452046394348,-0.359829157590866,-2.08634948730469,"1"
"567",0.926548004150391,0.404037296772003,0.673913359642029,0.840489745140076,0.067658543586731,"11",-0.632596135139465,-0.377211779356003,-2.35962104797363,"1"
"569",0.75356251001358,0.312706172466278,0.658025026321411,0.848465442657471,0.210423141717911,"2",-0.843361854553223,-0.425704717636108,-2.16094541549683,"1"
"571",0.759172081947327,0.44045153260231,0.613935172557831,0.834779739379883,0.116841837763786,"11",-0.609242737293243,-0.515093624591827,-2.13380646705627,"1"
"573",0.791424632072449,0.436080932617188,0.642671406269073,0.848227977752686,0.0540069490671158,"11",-0.33957427740097,-0.470036298036575,-2.3057234287262,"1"
"574",0.792682707309723,0.451442986726761,0.60315328836441,0.813730716705322,0.014232081361115,"11",-0.864231467247009,-0.670594811439514,-2.16244840621948,"1"
"577",0.925849139690399,0.327304720878601,0.715181648731232,0.893489837646484,0.0827421396970749,"2",-0.527036070823669,-0.494918525218964,-2.41503071784973,"1"
"578",0.774036288261414,0.457148820161819,0.646885395050049,0.856875360012054,0.0360046327114105,"11",-0.638536989688873,-0.509588062763214,-2.20292854309082,"1"
"579",0.66160637140274,0.34325110912323,0.66007673740387,0.873181045055389,0.310898512601852,"2",-0.702159225940704,-0.447100281715393,-2.09928011894226,"1"
"580",0.669037699699402,0.309470415115356,0.59195876121521,0.864554524421692,0.254591196775436,"2",-0.457947254180908,-0.444653987884521,-2.36046314239502,"1"
"584",0.72660881280899,0.494159340858459,0.426076829433441,0.703583061695099,0.144299551844597,"11",-0.933777093887329,-0.618067443370819,-1.96739149093628,"1"
"586",0.712479174137115,0.457749217748642,0.68562525510788,0.868871867656708,0.171022012829781,"2",-0.621548295021057,-0.499183565378189,-2.15661120414734,"1"
"587",0.697144448757172,0.31362721323967,0.629952788352966,0.86396586894989,0.350062906742096,"2",-0.645648062229156,-0.486298263072968,-2.07125687599182,"1"
"588",0.700828015804291,0.292821913957596,0.579039335250854,0.811515867710114,0.391783118247986,"2",-0.579274117946625,-0.503190815448761,-2.08192896842957,"1"
"590",0.706233978271484,0.407214283943176,0.726116836071014,0.884275794029236,0.259711116552353,"2",-0.544115960597992,-0.521907985210419,-2.29059958457947,"1"
"591",0.706945836544037,0.288487911224365,0.720361709594727,0.90436977148056,0.306171715259552,"2",-0.695912063121796,-0.458311349153519,-2.10337114334106,"1"
"592",0.757963240146637,0.382627218961716,0.634277105331421,0.852697670459747,0.162270694971085,"2",-0.635164558887482,-0.679478049278259,-2.01430344581604,"1"
"594",0.713505625724792,0.425370663404465,0.64157909154892,0.825900495052338,0.211862102150917,"2",-0.756536722183228,-0.322748929262161,-2.22341704368591,"1"
"595",0.711856544017792,0.231182307004929,0.683064520359039,0.899039804935455,0.378477036952972,"2",-0.666552424430847,-0.494279831647873,-2.36863970756531,"1"
"597",0.718174397945404,0.269449055194855,0.719859063625336,0.907822906970978,0.293056488037109,"2",-0.948402047157288,-0.340448886156082,-2.30396556854248,"1"
"598",0.89491730928421,0.299923300743103,0.534535884857178,0.774166762828827,0.280700504779816,"2",-0.694924890995026,-0.29942461848259,-2.04839468002319,"1"
"600",0.715923070907593,0.343402028083801,0.770910143852234,0.893031179904938,0.252193123102188,"2",-0.744488537311554,-0.462071597576141,-2.16878747940063,"1"
"601",0.709687530994415,0.551807165145874,0.618638336658478,0.827490150928497,0.162270694971085,"11",-0.559556305408478,-0.372751295566559,-1.99668848514557,"1"
"602",0.886772334575653,0.353051483631134,0.571525573730469,0.77991795539856,0.222676351666451,"11",-0.791970610618591,-0.27656352519989,-2.06742715835571,"1"
"603",0.89926540851593,0.329173564910889,0.45105916261673,0.544279873371124,0.311874240636826,"11",-0.587421536445618,-0.40714505314827,-2.08054518699646,"1"
"604",0.856364190578461,0.227280616760254,0.642521679401398,0.89908903837204,0.213955074548721,"2",-0.559137046337128,-0.390224456787109,-2.31381297111511,"1"
"605",0.710836112499237,0.355940908193588,0.736656427383423,0.92695939540863,0.257518112659454,"2",-0.866661608219147,-0.374781250953674,-2.37289977073669,"1"
"607",0.671079933643341,0.371354639530182,0.650823354721069,0.908341944217682,0.273759573698044,"2",-0.52934330701828,-0.390766441822052,-2.2287073135376,"1"
"609",0.674112617969513,0.328841418027878,0.603905975818634,0.865328729152679,0.3309685587883,"2",-0.720537185668945,-0.394695281982422,-2.05366921424866,"1"
"610",0.74351042509079,0.537738919258118,0.561129212379456,0.830498278141022,0.0407544784247875,"11",-0.4618761241436,-0.646996915340424,-2.25321817398071,"1"
"611",0.870311558246613,0.546191334724426,0.491525769233704,0.765344619750977,0.268303960561752,"11",-0.761928558349609,-0.433462530374527,-2.10281777381897,"1"
"612",0.690883219242096,0.501154720783234,0.670172691345215,0.87032151222229,0.157584547996521,"2",-0.650647222995758,-0.42012694478035,-2.04518985748291,"1"
"613",0.711153090000153,0.44617173075676,0.710867047309875,0.866937220096588,0.183588325977325,"2",-0.549560189247131,-0.506389915943146,-2.20450592041016,"1"
"615",0.690948724746704,0.630745887756348,0.445657163858414,0.710756719112396,0.189024329185486,"11",-0.640941083431244,-0.458522319793701,-1.91852402687073,"1"
"620",0.852593004703522,0.558907210826874,0.50115954875946,0.80630749464035,0.263504952192307,"11",-0.561547815799713,-0.431242287158966,-2.15504360198975,"1"
"624",0.668222427368164,0.646645784378052,0.448979675769806,0.690234243869781,0.265801042318344,"11",-0.649421811103821,-0.627544105052948,-1.8225656747818,"1"
"625",0.679053843021393,0.539370000362396,0.554698288440704,0.832201540470123,0.189238518476486,"11",-0.665308654308319,-0.431528270244598,-2.15704870223999,"1"
"626",0.673595368862152,0.331759423017502,0.669202923774719,0.854493737220764,0.171966895461082,"2",-0.86144345998764,-0.436384528875351,-1.94802808761597,"1"
"627",0.680682957172394,0.305164158344269,0.661331832408905,0.807763993740082,0.0973624140024185,"2",-0.731919288635254,-0.397515445947647,-1.81883502006531,"1"
"629",0.856718122959137,0.192350313067436,0.642571330070496,0.889884173870087,0.17730225622654,"2",-0.551048815250397,-0.618397116661072,-2.40104103088379,"1"
"630",0.905184745788574,0.408131629228592,0.548414289951324,0.792984187602997,0.0402544066309929,"2",-0.717215776443481,-0.330251842737198,-2.21337151527405,"1"
"633",0.930998206138611,0.46871080994606,0.572865307331085,0.809588372707367,0.144299551844597,"11",-0.688858151435852,-0.39058256149292,-2.17736101150513,"1"
"635",0.893065750598907,0.429294854402542,0.624639391899109,0.83374696969986,0.0586803741753101,"11",-0.576836168766022,-0.420869410037994,-2.13131308555603,"1"
"636",0.955427765846252,0.356271207332611,0.566124439239502,0.658400118350983,0.210037752985954,"11",-0.847756326198578,-0.354145586490631,-1.96337342262268,"1"
"640",0.666227996349335,0.395997822284698,0.606705367565155,0.844796597957611,0.0572830215096474,"2",-0.675811111927032,-0.474225729703903,-2.10859203338623,"1"
"641",0.960574686527252,0.421912163496017,0.5584437251091,0.661203682422638,0.22601692378521,"11",-0.594656944274902,-0.427139282226562,-1.72057974338531,"1"
"644",0.921431422233582,0.204917594790459,0.669619262218475,0.732810437679291,0.0763773620128632,"2",-0.841785907745361,-0.73127943277359,-2.1708607673645,"1"
"645",0.625459253787994,0.401758313179016,0.677824079990387,0.886137247085571,0.109503820538521,"2",-0.519717216491699,-0.329866856336594,-2.05875635147095,"1"
"646",0.928929150104523,0.162896633148193,0.67866575717926,0.861377060413361,0.276337057352066,"2",-0.709948658943176,-0.428419053554535,-1.98663556575775,"1"
"648",0.945010900497437,0.411766409873962,0.610935091972351,0.80195426940918,0.344228148460388,"11",-0.33660763502121,-0.91161698102951,-2.12192463874817,"1"
"649",0.941633224487305,0.282775491476059,0.643117785453796,0.790175974369049,0.283572196960449,"2",-0.255909025669098,-1.13279485702515,-2.17203402519226,"1"
"650",0.652604341506958,0.379283368587494,0.51841413974762,0.813343286514282,0.00636478001251817,"2",-0.812889158725739,-0.482422173023224,-2.11850523948669,"1"
"653",0.949984788894653,0.390840291976929,0.607435703277588,0.805942058563232,0.407544791698456,"11",-0.808425545692444,-0.445103973150253,-2.23016500473022,"1"
"654",0.871034145355225,0.190306276082993,0.729989469051361,0.917228400707245,0.118903905153275,"2",-0.351436406373978,-0.646352708339691,-2.13758540153503,"1"
"658",0.860765516757965,0.179137125611305,0.705011010169983,0.896752655506134,0.167067900300026,"2",-0.733970165252686,-0.517256259918213,-2.15953516960144,"1"
"659",0.943662285804749,0.210551455616951,0.608337223529816,0.822221040725708,0.0711604058742523,"2",-0.591398596763611,-0.548241317272186,-2.12747120857239,"1"
"660",0.940799951553345,0.171888768672943,0.720558047294617,0.908854961395264,0.111338175833225,"2",-0.938242495059967,-0.581779718399048,-2.15631031990051,"1"
"663",0.835880637168884,0.209608852863312,0.666564881801605,0.875526607036591,0.225028961896896,"2",-0.630163490772247,-0.720032572746277,-2.08832931518555,"1"
"665",0.786042749881744,0.284005045890808,0.697468459606171,0.894283354282379,0.117015071213245,"2",-0.403304547071457,-0.841245174407959,-2.21556878089905,"1"
"666",0.909371018409729,0.187332183122635,0.749106585979462,0.710107326507568,0.0201272033154964,"2",-0.796656966209412,-0.614576876163483,-2.13183760643005,"1"
"668",0.816744267940521,0.294514268636703,0.748345077037811,0.88366973400116,0.0513144992291927,"2",-0.69925332069397,-0.697226107120514,-2.23871302604675,"1"
"669",0.932123780250549,0.301142156124115,0.77932870388031,0.953999876976013,0.165239304304123,"2",-0.805604457855225,-0.581582844257355,-2.45389127731323,"1"
"670",0.932908713817596,0.179610475897789,0.783223092556,0.899326622486115,0.162020862102509,"2",-0.571635782718658,-0.53598564863205,-2.26605629920959,"1"
"671",0.927192032337189,0.320702612400055,0.696600317955017,0.86211895942688,0.0946192592382431,"2",-0.747733533382416,-0.544970452785492,-2.44326043128967,"1"
"672",0.915273189544678,0.347842276096344,0.719127297401428,0.885716080665588,0.125371634960175,"11",-0.567269146442413,-0.740159928798676,-2.48067903518677,"1"
"673",0.777173399925232,0.256254613399506,0.704154193401337,0.902590990066528,0.340262830257416,"2",-0.613658249378204,-0.47624883055687,-2.35301446914673,"1"
"674",0.898164093494415,0.400857537984848,0.559846103191376,0.788862586021423,0.00636478001251817,"11",-0.777292370796204,-0.398470669984818,-2.18818354606628,"1"
"675",0.913656771183014,0.274101853370667,0.676248133182526,0.85492080450058,0.116146333515644,"2",-0.351350247859955,-0.529139220714569,-1.9404045343399,"1"
"676",0.912928283214569,0.258118152618408,0.754012286663055,0.915636599063873,0.0827421396970749,"2",-0.808063685894012,-0.69080001115799,-2.34613084793091,"1"
"678",0.896720349788666,0.309621036052704,0.721891105175018,0.907301366329193,0.0190943405032158,"2",-0.835799396038055,-0.525846838951111,-2.32443428039551,"1"
"679",0.913317382335663,0.171418756246567,0.707002997398376,0.85656213760376,0.0600452162325382,"2",-0.757390439510345,-0.608609855175018,-2.10769581794739,"1"
"680",0.901781558990479,0.21102774143219,0.758330345153809,0.730442881584167,0.0201272033154964,"2",-0.542089998722076,-0.704149007797241,-2.23313164710999,"1"
"686",0.811709463596344,0.935568153858185,0.143895000219345,0.342550754547119,0.112604461610317,"2",-0.535519003868103,-0.602439224720001,-0.912242710590363,"1"
"687",0.814688622951508,0.555073440074921,0.613171696662903,0.733869850635529,0.210134163498878,"2",-0.499892830848694,-1.08565664291382,-1.64188742637634,"1"
"688",0.818607091903687,0.677308440208435,0.54484236240387,0.683757066726685,0.197410821914673,"2",-0.645587682723999,-0.76093453168869,-1.55074298381805,"1"
"689",0.845816314220428,0.546940326690674,0.520536124706268,0.689065515995026,0.101836480200291,"2",-0.343658000230789,-1.45957767963409,-1.55998349189758,"1"
"690",0.797838926315308,0.674268305301666,0.486665576696396,0.642010450363159,0.199249133467674,"2",-0.607081592082977,-0.614975929260254,-1.4638386964798,"1"
"691",0.801718831062317,0.676733493804932,0.494377940893173,0.641304671764374,0.199249133467674,"2",-0.749562621116638,-0.651809990406036,-1.43844795227051,"1"
"692",0.793919324874878,0.669487595558167,0.438311845064163,0.602652430534363,0.199249133467674,"2",-0.767103791236877,-0.569047212600708,-1.37201499938965,"1"
"693",0.810018420219421,0.56201833486557,0.581095159053802,0.715876698493958,0.184578627347946,"2",-0.755054712295532,-0.706983983516693,-1.53878211975098,"1"
"694",0.813545346260071,0.579131603240967,0.502650499343872,0.663595259189606,0.189024329185486,"2",-0.372738063335419,-0.861337780952454,-1.52410554885864,"1"
"695",0.812340319156647,0.541460931301117,0.537357211112976,0.704832553863525,0.193577229976654,"2",-0.332913637161255,-0.947092413902283,-1.62606060504913,"1"
"696",0.861075818538666,0.752094984054565,0.502965211868286,0.674863755702972,0.0513144992291927,"11",-0.35987377166748,-1.07937300205231,-1.44200789928436,"1"
"697",0.860846757888794,0.783533930778503,0.453702300786972,0.666002571582794,0.0509182401001453,"2",-0.343828737735748,-1.16577196121216,-1.37311136722565,"1"
"698",0.857304990291595,0.803604483604431,0.406322419643402,0.622726023197174,0.0636477991938591,"2",-0.42728054523468,-0.937863767147064,-1.32879734039307,"1"
"699",0.859774351119995,0.760544002056122,0.513527095317841,0.657968938350677,0.060381606221199,"11",-0.449074536561966,-0.715455412864685,-1.43960511684418,"1"
"700",0.847611963748932,0.716340482234955,0.355933308601379,0.564676344394684,0.0954717025160789,"2",-0.779175996780396,-0.439912527799606,-1.25617718696594,"1"
"702",0.836149752140045,0.697005331516266,0.374398559331894,0.564783453941345,0.140602588653564,"2",-0.576521694660187,-1.05928337574005,-1.30456006526947,"1"
